,y1,y2,X1,X2,X3,X4,X5,X6,X7,X8,X9,X10,X11,X12,X13,X14,X15,X16,X17,X18,X19,X20,X21,X22,X23,X24,X25,X26,X27,X28,X29,X30,X31,X32,X33,X34,X35,X36,X37,X38,X39,X40,X41,X42,X43,X44,X45,X46,X47,X48,X49,X50,X51,X52,X53,X54,X55
y1,0.9999999999999999,0.08417341085704937,0.027508056844930236,0.01527707323401607,0.059347551512118346,0.02759153985952943,0.20415434654036455,-0.033088494443195435,-0.08667793967282218,0.06712637386745478,0.10103277807250971,0.012475627339288153,0.022204286608144233,0.016409518111835664,-0.006076277286558919,-0.01760074598400051,0.010781915954329506,0.024305109146235186,0.029323659500941242,-0.009153184356329003,0.009557204611577434,0.024139117049170992,0.03411744462222072,-0.013996211356645907,-0.01607641503795363,0.010781915954329535,0.09767015240058252,-0.07559568991476236,,0.3828783931311861,0.011222635117644073,-0.14358060790780044,-0.10683771462865867,-0.21318431314601904,,0.24226787262627658,-0.004794761990942303,0.09743954586746241,0.08586167051157131,0.02324266977443205,-0.2004847506718655,-0.10100756303598023,-0.029626166597796703,0.07902064698939083,0.039721623541770015,0.01712959185580342,0.11221648583820114,-0.16516425971513946,-0.025715917579172493,-0.06787393112933748,-0.29057392496827616,-0.33708806548490444,0.01576136883884755,-0.13526902901919202,-0.06305086194791588,0.12076307399291139,0.15890532174432798
y2,0.08417341085704935,1.0,-0.10352970417759871,0.013934135595664558,0.049186669284049134,0.0917979763302867,0.10303480146874566,0.08095070206174557,-0.23205033676945155,0.09535827276195269,0.17125041467990126,0.024935518111753853,0.0684208043228395,-0.10764384110214482,-0.10725727441319849,-0.00042952007262781383,0.028867296971677878,0.11330512800278669,0.005202140676729445,5.693456366484495e-05,-0.012675492452086184,-0.02462151829890898,0.03779960240415628,0.007829434942940501,0.09278524511191678,0.04689733755192308,0.05533609170312245,-0.05876310268745774,,0.2973048119330191,0.020700077151593776,-0.5282083699961628,0.010225211306850722,0.247780636914862,,0.04808418570479388,0.13496093008938326,0.04767653072443102,-0.09624140575746025,-0.10812903362414455,-0.045983200547895564,0.02637479139158813,0.004864840756109401,0.017731371203760022,0.002387191365442223,-0.011050445473363582,-0.007240718109438561,0.04621831655803169,-0.11756999908892429,-0.41242360541341455,0.003380661694708026,0.01751231338842505,-0.01140246693741505,-0.012451011562696051,-0.07312454377586326,0.047655426207858814,0.24820924008510403
X1,0.02750805684493024,-0.10352970417759871,1.0,-0.050463342586987744,0.058269925297801735,0.018025590820053363,0.037224815022513465,0.015684374077547657,0.06523735920146582,-0.027019668496938234,-0.028750945581846498,-0.062063395712752434,-0.01606041994604743,0.034432802588413566,-0.009344273400364042,0.08073182638550862,0.04424265169083403,0.008941212171590742,0.03317196247726144,-0.04337178748446596,0.012197092801815895,-0.03717514129887925,0.03437267223372032,0.021900511224090525,-0.0031239002002745276,0.014536108110129493,0.04622673860611965,-0.05184168199181657,,-0.0357401137448678,-0.01007135866509345,0.05354532167429926,0.05858180104415969,0.005113677596566359,,-0.02094413425401398,-0.019438753941084484,0.007439322386106837,0.09149896486824823,0.05383843132599029,-0.03601511083630664,-0.005281495512244182,0.005703420467068103,0.018879660319442486,-0.01778682009982508,-0.007988372547720312,0.023828405046362317,-0.018942372403337966,0.07120472257912291,0.03685695982297677,-0.0037076025200420432,0.039114542461914925,-0.05294320693283479,0.1407039167057388,0.005248205143317988,-0.0726646101046102,-0.0034758973869901135
X2,0.015277073234016073,0.01393413559566456,-0.050463342586987744,1.0,0.14610448531626546,0.08997398686574079,0.1810257767397521,0.12429466140502052,-0.20138601869601436,0.05631123273772236,0.013530688480945676,0.1604965951925255,-0.013458813847584947,-0.2448839440393707,-0.11498112308976749,-0.2587425322056852,-0.17124789037434893,-0.33182435381068676,-0.2315603802433301,0.13377088283710023,0.06719599708716538,0.4732581268370157,0.2753055029037853,-0.294502297753913,0.3944575535947518,-0.21934447522882108,0.25766595087786626,-0.023316462127472473,,-0.005409162435724732,-0.024850413780681528,0.018506343887422293,-0.02376493856744754,-0.09038247832169138,,-0.15243565992338612,0.20111399695803203,-0.10921775215716488,-0.14816149549557178,-0.15323858594016435,-0.20071784239054175,-0.08933594900754306,0.4441207154267583,0.028034437798279806,-0.013048636032299265,0.07621815414513233,-0.11674435638119295,0.111567411406825,-0.16157056900147249,-0.11108885757761996,0.04727074670001593,0.01793262664497354,0.071559975799333,-0.05499657692769058,-0.0663412751315341,0.038699127071983905,0.363223969050877
X3,0.05934755151211834,0.04918666928404914,0.058269925297801735,0.14610448531626544,1.0,-0.032150782021319595,0.10586278811674459,-0.026616220726769464,-0.047435327746625906,0.07032848569440836,0.05987606164426334,0.005061780504363036,-0.0046848626344905935,-0.027431380304427506,-0.020237196661711736,-0.012432372134926843,-0.009383825691208318,-0.01767657473714973,-0.010972122061773493,-0.011162762997212774,-0.02550553729618224,0.03994020303406939,0.0029358637955806195,-0.07951571287250196,0.0047693678211665905,-0.009383825691208304,0.33764951417184386,-0.0003060083015805422,,0.11116868318701885,-0.017644329761836035,-0.07434103971122676,-0.023225823032458476,-0.018004508353730013,,-0.035891946876802854,0.025039219194863634,-0.019994386255726995,-0.02940162244688178,-0.03580843864535389,-0.04656859539193338,-0.010496706821723505,0.16939597220178085,-0.020047495015733687,-0.01017536905495688,-0.0268034801743811,-0.02586026087271769,-0.03942674480132228,-0.03176705812166579,-0.05570150135826658,-0.03981785447071499,0.03690616661541555,-0.013827850909393796,0.017723766600146164,-0.018881741499424624,0.0024400266466991323,0.23348313281444893
X4,0.027591539859529432,0.0917979763302867,0.01802559082005336,0.08997398686574079,-0.032150782021319595,1.0,0.02579955509715695,0.025005936231555892,-0.08224490634293402,0.031381164254940946,0.06711322577662009,-0.02370987890538583,-0.0068695642748135615,-0.027747156597892272,-0.004016103840930116,-0.018229985835767824,0.06528492363129301,-0.031018007413887157,-0.025872446396311227,-0.016893829273318027,0.04236151893909022,0.034307960998008466,0.05593796066922691,-0.019473420541991956,0.04772675018173183,-0.013759804450789809,0.03609610895639904,-0.03514617961543741,,0.0815871655041205,0.019710573176699206,-0.046993581772896066,-0.03752332539191013,0.02028333200215759,,-0.006915206887308783,0.06934681590808364,0.00957656536410361,-0.021429870137008727,-0.02290216481844682,-0.058356483550502165,-0.01539165773075962,0.04773553891208769,-0.029396284652124537,-0.0018640410564859536,0.0469147067678318,0.009661120572473966,0.0012652950232820437,-0.021372730276715084,-0.047076570443415906,-0.06781335712064215,0.04797513855929163,0.032169842354292814,-0.037659616851859576,-0.027686902897808584,0.02508974635311857,0.15399808564998418
X5,0.20415434654036455,0.10303480146874566,0.037224815022513465,0.1810257767397521,0.10586278811674459,0.025799555097156954,1.0,0.03260079724435793,-0.1527400737230794,0.1403525157273159,0.1390531467534692,-0.016245992785831113,-0.08004679950377634,-0.13452958113444022,-0.12019858418261085,-0.0184089305923345,0.046652293892124476,-0.0008506712939932285,-0.005702150462592054,0.016243273097628026,0.050860405684339,0.08289963281150922,0.05849033557108069,-0.05570101005517877,0.11578151226414557,-0.013894870099223838,0.10098598471329628,-0.05718142790422837,,0.1587831425156586,0.01169629217996783,-0.17027887931897293,0.011894005640927826,-0.09847439077345277,,0.010070974511293468,0.0709351458722731,0.07427362826371453,-0.07758303844307742,-0.02532568223297723,-0.19877809727520945,-0.02814326171111499,0.12588298184856636,0.04184328034603443,0.03278061447294436,-0.04264742551957329,0.09772724222897508,0.07257433751753606,-0.02840463256334989,-0.2681977039537313,-0.03830056300901272,-0.07646606305606513,-0.02277120021875437,-0.07134126474040146,-0.0031675922328836866,0.08105471126750524,0.20535551491516355
X6,-0.03308849444319544,0.08095070206174557,0.015684374077547657,0.12429466140502053,-0.02661622072676946,0.025005936231555895,0.03260079724435794,1.0,-0.45564270839304005,-0.05178563582717025,-0.07794323379066072,-0.05680346630572179,-0.00847839869579591,-0.055408858636964105,-0.03828234558751876,0.025473736584589447,0.04638453347903074,0.018855483647583927,-0.03193170731188569,-0.006135338814585656,-0.012664505996055798,0.0593684128901282,-0.00016452353652363717,-0.09151331470398175,0.2001407752235602,-0.01698231553603854,-0.03729399225226868,0.002625470578436743,,0.04063336768655446,-0.03193170731188566,-0.0695006263855815,0.0013585887641304475,0.09355094480803758,,-0.057237292624871615,-0.012019134139452785,-0.03332438527184012,-0.03708688653976491,-0.0729535255358444,-0.0013252574566972317,-0.018996344689438074,0.2189267298842043,0.1743043682813322,-0.10266994321820706,-0.05325996071535871,0.011928568493425062,-0.009956421830351342,0.0010140744392458912,-0.06318306977142402,0.024123809430118753,-0.02768985300768032,-0.057490220132631165,0.022302494530051467,-0.034171104895263,0.008564511378790664,0.06053170493539989
X7,-0.08667793967282218,-0.23205033676945153,0.06523735920146582,-0.20138601869601438,-0.047435327746625906,-0.08224490634293403,-0.1527400737230794,-0.45564270839304,1.0,-0.32857958642910035,-0.49454940766498856,-0.3604176943730939,-0.053795395046283744,0.06390168690694407,0.06767236227517107,0.021931188439995235,-0.035240789674374676,-0.03040352508014938,0.031125284596101827,-0.0033083564937898503,-0.011548872794650101,-0.07148759017009335,-0.0780368663552432,0.09910694155572249,-0.16274849838164476,0.03727112323586124,-0.11929567342597042,0.04356346425490099,,-0.1478467429943471,0.011647634661119483,0.1510815017638892,0.033452452734936994,-0.0307204815663372,,0.06709326996505273,-0.06655645268940139,-0.10611487316026019,0.10210462148332874,0.13302425472465712,0.07613811331993582,0.04169131720868397,-0.19161526297892853,-0.14413849779993693,0.03353645963934731,0.03310639351238231,0.040425272505153785,0.02906085784663644,0.05922630806360279,0.12780627495317673,0.019999788934108954,-0.003871375676688332,-0.0188792225402443,0.026652849514856098,0.020280855846574825,-0.014800428688799458,-0.14228658045740733
X8,0.06712637386745478,0.09535827276195269,-0.02701966849693823,0.05631123273772236,0.07032848569440836,0.031381164254940946,0.1403525157273159,-0.05178563582717025,-0.3285795864291004,1.0,-0.056207539486816754,-0.04096292801941068,-0.00611406412465301,-0.012885935507920684,0.010735943773347363,-0.016225090549054494,-0.012246530258587303,-0.027606712560035683,-0.02302704946056959,0.022984969520979167,0.016525800097510507,0.019308986480959005,-0.02384735669681467,-0.04202617306147876,0.012624358982742978,-0.01224653025858731,0.05174338277917926,0.02154094502470058,,0.08538086809203456,-0.023027049460569604,-0.09030025202726158,-0.03339658942525655,0.02895019981049462,,-0.027784175036417738,0.12792075580794304,0.0165258000975105,-0.040962928019410656,-0.05260928970783621,-0.04910448845006091,-0.013698915766113784,-0.03016141229393766,0.014212186558777443,0.13483805538454902,-0.03840758458925435,-0.0197039553564443,-0.014532623200461838,-0.04145816976095037,-0.07861641972419625,-0.005286013304526423,0.0022043732676277367,-0.015285082790653324,-0.0626109432328913,-0.024641955873516717,0.07004795947933996,0.10150671452697498
X9,0.10103277807250972,0.17125041467990126,-0.028750945581846498,0.013530688480945676,0.05987606164426334,0.06711322577662009,0.1390531467534692,-0.07794323379066072,-0.4945494076649886,-0.056207539486816754,1.0,-0.06165383555437134,-0.009202357407937714,-0.022529047165537303,-0.04155122201144166,-0.024420594740985707,0.04064583141179835,0.09162577161497415,0.028818449519368395,-0.013415498409962597,-0.0008089888411485736,0.006911134497372378,0.025462531878041653,-0.002167256374911926,-0.01828519032287606,-0.018432411919303865,0.15071539986102853,-0.06456600553616164,,0.16600868771437122,0.02881844951936846,-0.11742208098816219,-0.028043872189104646,-0.02929176505055376,,0.018771976435387576,0.019785588059340213,0.2495923191333796,-0.04327165441114789,-0.07918292595544496,-0.027473158790892484,-0.020618416230327768,0.02509486775095286,-0.0393787883790726,0.033663196179169054,-0.05780775493354418,0.001710962272738845,-0.10172339966340636,-0.007854448574090091,-0.05422768135349726,-0.06150636607049638,0.06434816452068254,0.02850873926891911,-0.08151906229787532,0.022348456721043214,0.04624530419749432,0.07629718240905495
X10,0.012475627339288153,0.024935518111753853,-0.062063395712752434,0.1604965951925255,0.005061780504363036,-0.02370987890538583,-0.016245992785831113,-0.05680346630572179,-0.3604176943730939,-0.04096292801941068,-0.06165383555437133,1.0,-0.006706493604806382,-0.018968505259931847,-0.03028169764969786,-0.01779723990232344,-0.013433172303364533,-0.030281697649697865,-0.025258282673578426,-0.012566772620329712,-0.017238698524561953,0.04333000429798567,0.1766176971582649,-0.06248346318853375,0.061496012290019594,-0.013433172303364506,0.07882286837710148,-0.009951920939203175,,-0.06168132259380183,0.016698997515089995,0.03946193416958622,0.02212056246158707,-0.03727803563313235,,-0.06809848930147541,-0.03223066204943523,-0.042702064144299265,-0.04493207941483813,-0.018807752087503436,-0.02494913911508399,-0.015026288423731085,0.13059147403845137,0.11961404299485609,-0.05170239645582589,0.035219336365495756,-0.04862968522406325,0.05694571518051762,-0.04547530819110765,-0.015619859179071724,0.058251762288238335,-0.02814280772224077,0.07470256757820447,0.08263180380175211,-0.027029667354861064,-0.09492160664767213,-0.018061905915574862
X11,0.02220428660814423,0.0684208043228395,-0.01606041994604743,-0.013458813847584947,-0.0046848626344905935,-0.0068695642748135615,-0.08004679950377634,-0.00847839869579591,-0.053795395046283744,-0.006114064124653011,-0.009202357407937716,-0.006706493604806382,1.0,-0.006541839438080052,-0.004519799979773815,-0.002656388868322036,-0.002005014798291888,-0.004519799979773814,-0.003770012726426509,-0.005935648177738503,-0.006373644928643247,-0.013705338096864216,-0.00390431428883548,0.04570019979549053,-0.00847839869579591,-0.0020050147982919055,-0.004403110176259507,-0.016066105781274365,,0.03519055043849891,-0.003770012726426507,-0.022254518069063776,-0.0054677247021183515,-0.005564062710411503,,-0.012337988437244238,-0.011627940006057491,-0.006373644928643245,-0.006706493604806382,-0.008613248174344909,-0.010894352646292241,-0.002242800879241097,-0.012605850190420865,-0.004283490070887391,-0.012121713028794326,-0.006288130094163116,-0.007258392605155677,-0.01851011895419171,-0.006787575102957468,-0.01287116281978819,-0.011683327287213038,-0.007484800018211728,0.14747549541880473,-0.010250729395694323,-0.004034406900731124,-0.0722246254455105,-0.018071705328581635
X12,0.016409518111835664,-0.10764384110214484,0.034432802588413566,-0.2448839440393707,-0.027431380304427506,-0.027747156597892276,-0.13452958113444022,-0.055408858636964105,0.06390168690694409,-0.012885935507920684,-0.022529047165537303,-0.018968505259931843,-0.006541839438080052,1.0,-0.029538237954157803,-0.01736029179220427,-0.01310336839651865,-0.02953823795415779,-0.024638155117864845,-0.038791227282357885,-0.04165366639675855,-0.08956846315301273,-0.02551585579617016,-0.143146845470149,-0.055408858636964126,-0.013103368396518666,-0.028775635361465,-0.10499678253189094,,-0.0641771275975962,-0.024638155117864817,0.04746542704571532,0.05442627409394023,0.08189022089920793,,0.08325461892814072,-0.04484138293502214,-0.015603843759636193,0.08047319990353727,0.003402479306773468,0.02709646154672591,0.05684200050862175,-0.08238298247829792,-0.02799388237407718,-0.0037435808894873634,-0.014718163825043477,0.045121816456988276,-0.005264558283894443,0.004819473038308202,0.14705283394438395,-0.06083491085283416,-0.04891539558533433,-0.04435882327096034,-0.015393440987827741,0.0138260992488119,0.02196828638623852,-0.10639427856085715
X13,-0.006076277286558919,-0.10725727441319849,-0.009344273400364042,-0.11498112308976748,-0.020237196661711736,-0.004016103840930116,-0.12019858418261085,-0.03828234558751876,0.06767236227517105,0.010735943773347363,-0.04155122201144165,-0.03028169764969786,-0.004519799979773816,-0.029538237954157803,0.9999999999999998,-0.011994340006959963,-0.0090532035789211,-0.020408163265306214,-0.017022663741204886,-0.02680111457117317,-0.028778792619347415,-0.061883441466146764,-0.017629072924065597,-0.09890109890109867,-0.03828234558751881,-0.009053203578921117,-0.019881276108314166,-0.07254296900066308,,-0.04223796320418931,0.1653630192002761,0.06648428752941599,-0.02468830897604542,-0.025123302075452054,,-0.013505327187689055,-0.030443151981863755,-0.028778792619347394,0.004929578687160055,0.017472870894540273,0.11323223883414653,0.0911418692153575,-0.036145607735333096,-0.019341157817422513,0.030787273453537004,-0.028392669182141377,1.7283392746904043e-17,-0.01802670795361596,-0.03064780333124751,0.10559268904043398,-0.00879224935566661,0.02997001039776988,-0.030647803331247538,0.026796529892469424,0.09563650695950081,-0.034593782311415376,-0.08159881288522275
X14,-0.01760074598400051,-0.00042952007262781383,0.08073182638550862,-0.2587425322056852,-0.012432372134926841,-0.018229985835767824,-0.0184089305923345,0.025473736584589447,0.021931188439995235,-0.016225090549054494,-0.024420594740985707,-0.01779723990232344,-0.002656388868322036,-0.01736029179220427,-0.011994340006959965,1.0,-0.005320772892012532,-0.011994340006959965,-0.010004605220071856,-0.015751622355874864,-0.016913948559645977,-0.036370300849542854,-0.010361005638278019,-0.05812641695680596,-0.022499401992791632,-0.0053207728920125295,-0.011684676485353112,-0.042635146730107126,,-0.05136126243793197,-0.010004605220071863,0.06838643628960234,0.056967356003380064,-0.01476553393233625,,-0.03274172064703929,-0.030857442063213905,0.04504190697019251,0.10045684582740023,0.11911328042238488,0.01005250666401993,-0.005951793538189436,-0.03345255408144773,-0.01136723672653141,-0.032167783571128504,-0.016687015065911158,-0.019261832204928334,0.0609539507372822,0.04046943729595856,0.00020617679772562457,-0.03100442509016507,-0.019862656910544188,-0.018012408507449732,-0.027202693535444977,0.08488516183471834,-0.028490277608933617,-0.04795747138957384
X15,0.010781915954329507,0.028867296971677874,0.04424265169083403,-0.17124789037434893,-0.009383825691208316,0.06528492363129301,0.046652293892124476,0.04638453347903074,-0.035240789674374676,-0.012246530258587305,0.04064583141179835,-0.013433172303364535,-0.002005014798291888,-0.01310336839651865,-0.009053203578921098,-0.005320772892012532,0.9999999999999998,-0.0090532035789211,-0.007551372374927683,-0.011889161371386216,-0.012766473148586688,-0.027451926294106525,-0.007820379718371375,-0.04387321734400216,-0.01698231553603854,-0.004016064257028104,-0.008819472760848122,-0.03218056706253592,,0.03862127684429688,-0.007551372374927682,-0.044576017419270336,0.08346107730573098,-0.011144872044926136,,-0.024713111548431033,-0.023290877594009676,0.15090625952560233,0.06466666666968493,-0.017252420360871292,-0.02182149493535273,-0.004492352103547956,-0.025249641260667678,-0.008579872519485205,0.023141789017999525,-0.012595186098489395,-0.014538631400564501,-0.037075949358876405,0.21814725027771723,-0.025781065052974828,-0.02340181886004546,-0.014992127663971158,-0.013595579337421448,-0.020532311267521107,-0.00808095649275847,0.02776081960860496,-0.03619780257756237
X16,0.024305109146235186,0.11330512800278668,0.008941212171590742,-0.33182435381068676,-0.01767657473714973,-0.031018007413887157,-0.0008506712939932284,0.018855483647583927,-0.03040352508014938,-0.027606712560035683,0.09162577161497415,-0.030281697649697868,-0.004519799979773814,-0.029538237954157793,-0.020408163265306214,-0.011994340006959963,-0.0090532035789211,1.0,-0.017022663741204886,-0.02680111457117321,-0.028778792619347397,-0.06188344146614685,-0.017629072924065556,-0.09890109890109867,-0.038282345587518765,-0.00905320357892112,-0.019881276108314125,-0.0725429690006631,,0.08706192415557334,-0.01702266374120488,-0.10048538434811279,-0.02468830897604542,0.05862103817605538,,-0.03460740091845294,-0.05250340704118546,0.11880475927474211,-0.030281697649697858,0.04565492072444361,0.1364355664640945,-0.010126874357261928,-0.03614560773533307,-0.019341157817422513,-0.03335287957466501,0.008966106057518238,2.7289567495111644e-17,-0.03441462427508493,0.03900629514886045,-0.05811690637109169,-0.03077287274483307,-0.03379596917195328,0.03900629514886051,-0.021924433548383877,0.038710014721702685,-0.01515907314769887,-0.0815988128852227
X17,0.029323659500941242,0.005202140676729446,0.03317196247726144,-0.23156038024333012,-0.010972122061773493,-0.025872446396311227,-0.005702150462592054,-0.03193170731188569,0.031125284596101824,-0.02302704946056959,0.028818449519368395,-0.025258282673578426,-0.003770012726426509,-0.024638155117864845,-0.01702266374120489,-0.010004605220071856,-0.007551372374927684,-0.01702266374120489,1.0,-0.022355091700494822,-0.024004693772214016,-0.05161762974611098,-0.014704595242321872,-0.08249444736122366,-0.031931707311885695,-0.0075513723749276816,-0.016583181618956198,-0.06050885383625971,,0.06405971182406449,-0.014198782961460427,-0.029554425464191465,-0.020592778319871354,-0.02095561064165772,,0.054111922447566775,-0.04379364432315564,-0.024004693772214,0.05865627770375843,0.03472311491300869,0.014266765874448856,-0.008446932469721913,-0.047476691429667484,-0.01613266326868639,0.005299045302137369,-0.023682624149940303,0.050768469630064414,-0.030658362186635035,0.015935785106621653,-0.024091655990257838,-0.044002246267239434,0.047793104451983794,-0.025563655275205835,0.019448505549437764,0.05263828187914448,-0.017275969702287425,-0.0285372087049523
X18,-0.009153184356329003,5.693456366484495e-05,-0.04337178748446596,0.13377088283710023,-0.011162762997212774,-0.016893829273318027,0.016243273097628026,-0.0061353388145856565,-0.0033083564937898503,0.022984969520979167,-0.013415498409962598,-0.01256677262032971,-0.005935648177738503,-0.038791227282357885,-0.02680111457117317,-0.015751622355874864,-0.011889161371386216,-0.026801114571173207,-0.022355091700494815,0.9999999999999999,-0.03779388219234713,-0.08126871503484176,-0.023151461357851025,-0.12988232446030076,-0.050274466977072496,-0.011889161371386226,-0.02610917758120272,-0.0952673887524718,,0.008900820018166326,0.024609386661889242,-0.014704235815742393,0.00046035344770865616,-0.032993292369188985,,-0.02425649693479117,0.05034090680413776,-0.03779388219234712,-0.03976757915783971,-0.007532665654046133,-0.04667574581764726,-0.013299164474945769,-0.05870160800455349,0.016103182223060324,0.010702463536310896,0.10701197253549892,0.00759532616034071,0.0168374140831395,-0.04024836913334189,-0.060514032094852135,0.049581866379824036,-0.019753016306490498,-0.013344379070947564,-0.004328263796594563,0.06402886636834268,-0.007897030293457149,0.07220873490293887
X19,0.009557204611577432,-0.012675492452086184,0.012197092801815895,0.06719599708716537,-0.02550553729618224,0.04236151893909022,0.050860405684339006,-0.012664505996055798,-0.011548872794650103,0.016525800097510507,-0.0008089888411485736,-0.017238698524561953,-0.006373644928643246,-0.04165366639675855,-0.028778792619347418,-0.016913948559645977,-0.012766473148586688,-0.028778792619347397,-0.024004693772214016,-0.03779388219234713,0.9999999999999999,-0.08726560569776244,-0.024859828253898743,-0.13946645653991432,-0.05398426454762437,-0.012766473148586668,-0.02803579698432884,-0.10229725398222969,,0.0162801601169617,-0.02400469377221401,0.011975776917883377,-0.034814486483055275,-0.005147643112695946,,0.013001658934135329,-0.026179005768365175,0.03946209877531405,0.008224667095175163,-0.03446277339360186,-0.019028185000763132,-0.0142805216334816,0.009869739514551362,0.05042996870729963,-0.030798680423301212,0.06802716841109929,0.0011850296102752778,0.012502884973685223,-0.0432183320391174,-0.022760118664007827,0.005086558245067467,-0.024601268320786622,0.03233819250479429,-0.012419640571504674,0.015478765008650074,-0.010133217137571246,-0.0071242511496287875
X20,0.024139117049170995,-0.02462151829890898,-0.03717514129887925,0.47325812683701574,0.03994020303406939,0.034307960998008466,0.08289963281150922,0.059368412890128196,-0.07148759017009333,0.01930898648095901,0.006911134497372378,0.043330004297985676,-0.013705338096864214,-0.08956846315301274,-0.06188344146614676,-0.036370300849542854,-0.027451926294106525,-0.06188344146614685,-0.05161762974611098,-0.08126871503484175,-0.08726560569776244,1.0,-0.053456437417543495,-0.29989667787440316,-0.11608312132524905,-0.027451926294106484,-0.0602857675297369,-0.21997122022071813,,-0.04205289361379926,0.018388197215160596,0.062352418250496894,-0.025847186473212307,-0.0279652151272591,,-0.12032904594410508,0.12022122466477038,-0.01645612363206749,-0.06479227716922757,-0.0854777437792543,-0.08681789252029114,-0.030707605989609386,0.23405451283569806,-0.0174046727117073,-0.0018382314911106457,0.04296134658460189,-0.0616402918033982,0.11140014224253914,-0.06619737411548973,-0.0505526154967921,0.00033747642746200147,-0.053528030603817646,0.06748068346829406,-0.06554617248443595,-0.011536970782152923,0.01818675405009579,0.1154271292698103
X21,0.03411744462222072,0.037799602404156286,0.03437267223372032,0.2753055029037853,0.00293586379558062,0.05593796066922691,0.05849033557108068,-0.0001645235365236372,-0.0780368663552432,-0.02384735669681467,0.025462531878041653,0.1766176971582649,-0.0039043142888354797,-0.025515855796170165,-0.017629072924065597,-0.010361005638278019,-0.007820379718371375,-0.017629072924065556,-0.014704595242321873,-0.023151461357851025,-0.024859828253898743,-0.053456437417543495,0.9999999999999999,-0.08543319955508707,-0.03306923084126579,-0.007820379718371387,-0.017173934850510705,-0.06266439924140484,,0.0048813724306609125,-0.01470459524232186,0.018094623424822105,-0.02132636796621773,-0.021702125694692126,,-0.04812321316646876,0.005462774585074155,-0.02485982825389874,-0.026158074550420327,-0.0011360695345276378,-0.04249244172782705,-0.008747842920314011,0.23794433045910715,-0.016707367398360887,-0.04727965040610143,-0.0245262853405212,-0.028310706916325114,0.041053225987652396,-0.02647432563456019,-0.02663341661330389,-0.02025322946086167,0.007527958079178083,0.09386351815889495,-0.039982047181344814,-0.01573584091699148,-0.013094779893119189,0.13963696654690583
X22,-0.013996211356645907,0.007829434942940501,0.02190051122409053,-0.294502297753913,-0.07951571287250198,-0.019473420541991956,-0.05570101005517877,-0.09151331470398173,0.09910694155572247,-0.04202617306147876,-0.002167256374911926,-0.062483463188533754,0.04570019979549053,-0.143146845470149,-0.09890109890109867,-0.05812641695680596,-0.04387321734400216,-0.09890109890109867,-0.08249444736122366,-0.1298823244603008,-0.1394664565399143,-0.2998966778744032,-0.08543319955508707,1.0,-0.1855221363087446,-0.04387321734400222,-0.09634772267875294,-0.35155438823398144,,0.0007392073332438677,-0.02793462767787473,-0.01927092079307535,0.033157861480647914,0.0035072416002765667,,0.12140365700557065,-0.10265749119314718,0.03712924658121817,0.06391599032839212,0.08973453712506166,0.0739650689988497,0.011511746064237788,-0.21990974962584153,0.0027000476725176567,-0.03499749888308041,-0.07054103099098813,0.05686372890808785,-0.056965517674713265,0.04942464321212458,0.0060726465306498376,0.04024144897401252,0.04604775738329836,-0.023503793230723526,0.08176377069753449,-0.0031333898291575194,-0.05718455535641914,-0.12752685015645487
X23,-0.01607641503795363,0.09278524511191678,-0.003123900200274527,0.3944575535947518,0.0047693678211665905,0.047726750181731836,0.11578151226414557,0.2001407752235602,-0.16274849838164476,0.012624358982742976,-0.018285190322876056,0.06149601229001959,-0.00847839869579591,-0.055408858636964126,-0.03828234558751881,-0.022499401992791636,-0.01698231553603854,-0.038282345587518765,-0.0319317073118857,-0.050274466977072496,-0.053984264547624373,-0.11608312132524906,-0.03306923084126579,-0.18552213630874456,1.0,-0.016982315536038566,-0.037293992252268704,-0.13607863545217364,,0.040633367686554386,-0.031931707311885646,-0.061001100106312586,0.0013585887641303883,-0.02368081560303716,,-0.0926856571737187,0.17327070357050853,-0.05398426454762437,-0.05680346630572184,-0.057172966259217986,-0.0922742986025965,-0.01899634468943808,0.2654549122090976,0.023886377013354828,-0.06675461793198721,0.009497259294883341,-0.06147800685072964,0.06345498337039607,-0.05749022013263111,-0.09755905985380933,-0.0128003886772056,0.07942756675123817,-0.01848735708471318,-0.04590085265665061,-0.03417110489526294,0.06297690895687628,0.21840819832321776
X24,0.010781915954329537,0.04689733755192308,0.014536108110129491,-0.21934447522882106,-0.009383825691208303,-0.013759804450789809,-0.013894870099223838,-0.016982315536038538,0.03727112323586124,-0.012246530258587312,-0.018432411919303865,-0.013433172303364507,-0.0020050147982919055,-0.013103368396518666,-0.009053203578921117,-0.00532077289201253,-0.004016064257028104,-0.009053203578921122,-0.007551372374927681,-0.011889161371386228,-0.012766473148586666,-0.02745192629410648,-0.007820379718371386,-0.04387321734400222,-0.016982315536038566,1.0,-0.008819472760848122,-0.03218056706253596,,0.006755536873754942,-0.007551372374927678,-0.010908330546709715,-0.010951906071792738,0.08172906166279188,,0.02209202395996095,-0.023290877594009666,-0.01276647314858666,-0.013433172303364509,-0.017252420360871292,0.08111008494838627,0.2201252530738505,-0.025249641260667723,-0.008579872519485185,-0.024279909789376625,-0.012595186098489402,-0.014538631400564477,-0.0370759493588763,0.06365203053429128,0.0196081339839529,-0.023401818860045505,-0.014992127663971152,0.06365203053429112,-0.02053231126752113,-0.008080956492758466,-0.015346043137675899,-0.03619780257756247
X25,0.09767015240058252,0.05533609170312245,0.04622673860611965,0.25766595087786626,0.33764951417184386,0.03609610895639903,0.10098598471329628,-0.03729399225226868,-0.11929567342597042,0.05174338277917925,0.15071539986102853,0.07882286837710148,-0.004403110176259507,-0.028775635361464998,-0.019881276108314163,-0.01168467648535311,-0.00881947276084812,-0.019881276108314125,-0.016583181618956198,-0.02610917758120272,-0.028035796984328842,-0.060285767529736904,-0.017173934850510702,-0.09634772267875294,-0.037293992252268704,-0.008819472760848122,0.9999999999999998,-0.07067009302453361,,0.06639875353473404,-0.016583181618956205,-0.051194760255700744,0.06324824326768849,-0.024474681960417626,,-0.05427119692015989,-0.028526096530894295,-0.028035796984328797,-0.02949990080810434,-0.03788715560641989,-0.02412709080892146,-0.009865424075335649,0.2640824956875974,-0.018841818042310096,-0.03139557825904485,0.010650111569509346,-0.03192754284070502,-0.031005364389024823,-0.029856554566950223,-0.0566164748441111,0.016228905566408495,-0.03292344272832818,0.04157060946881568,-0.02010937088055706,-0.017746174141701074,0.0011758360985664898,0.17561741895884098
X26,-0.07559568991476236,-0.05876310268745774,-0.05184168199181657,-0.02331646212747247,-0.0003060083015805422,-0.03514617961543741,-0.05718142790422837,0.0026254705784367434,0.043563464254900985,0.02154094502470058,-0.06456600553616162,-0.009951920939203173,-0.016066105781274365,-0.10499678253189094,-0.07254296900066308,-0.042635146730107126,-0.03218056706253592,-0.0725429690006631,-0.06050885383625971,-0.0952673887524718,-0.10229725398222968,-0.21997122022071813,-0.06266439924140484,-0.3515543882339815,-0.13607863545217364,-0.03218056706253596,-0.07067009302453361,1.0,,-0.03305705079576808,-0.018342405169876543,0.021819107612926426,-0.02871114396890605,-0.0021781323721716903,,0.021514933465063762,-0.003021865746439272,-0.025526331669111765,-0.04658475875222107,-0.04051022489202693,-0.030014191208008714,-0.03599704309605063,-0.13748837785032786,0.02440724745783039,0.14650863364826622,0.0027206925384025606,-0.036938228312432236,-0.05271147837416418,0.023913845056724854,0.08437883864637598,0.010671748500087602,0.012549384977902707,-0.03647465256126723,0.03822715666772586,-0.06475239082381769,0.020253032660042414,-0.04273415219769486
X27,,,,,,,,,,,,,,,,,,,,,,,,,,,,,,,,,,,,,,,,,,,,,,,,,,,,,,,,,
X28,0.3828783931311861,0.29730481193301905,-0.0357401137448678,-0.005409162435724732,0.11116868318701884,0.08158716550412048,0.15878314251565856,0.04063336768655446,-0.1478467429943471,0.08538086809203456,0.16600868771437122,-0.06168132259380184,0.03519055043849891,-0.0641771275975962,-0.04223796320418931,-0.051361262437931966,0.038621276844296885,0.08706192415557334,0.06405971182406449,0.008900820018166326,0.0162801601169617,-0.04205289361379926,0.0048813724306609125,0.0007392073332438678,0.040633367686554386,0.006755536873754941,0.06639875353473404,-0.03305705079576808,,1.0,-0.10713139406600632,-0.6324003970315036,-0.1553747990294746,-0.15811240918597094,,0.16041178224927582,0.08576726529323525,0.05783768434660238,-0.06168132259380179,-0.06223955830417635,-0.15930569722431684,-0.006701237228115799,-0.0013980280729302538,0.029560803579173036,0.04084193264252052,0.00014727613356630708,0.04291309329947031,-0.5213822430692606,-0.14384649680937805,-0.3542316233950703,-0.33200183406143247,0.2631308383303954,0.013062689783889518,-0.11980257989963831,-0.018466245768834443,0.10379785971182985,0.40181001084006446
X29,0.011222635117644071,0.020700077151593776,-0.01007135866509345,-0.024850413780681528,-0.017644329761836032,0.019710573176699202,0.01169629217996783,-0.03193170731188565,0.011647634661119483,-0.023027049460569604,0.02881844951936846,0.016698997515089995,-0.003770012726426507,-0.024638155117864817,0.1653630192002761,-0.010004605220071863,-0.007551372374927683,-0.017022663741204883,-0.014198782961460427,0.024609386661889242,-0.02400469377221401,0.018388197215160596,-0.01470459524232186,-0.02793462767787473,-0.03193170731188564,-0.007551372374927679,-0.016583181618956205,-0.018342405169876543,,-0.10713139406600632,1.0,-0.08381591652451902,-0.020592778319871358,-0.020955610641657678,,0.054111922447566796,-0.04379364432315563,0.019959946836236708,-0.025258282673578398,0.0011417658675457916,0.014266765874448738,-0.008446932469721911,0.0020297647013725953,-0.01613266326868638,-0.045653313372259766,-0.0236826241499403,0.0898211385762674,0.08650735317630066,-0.02556365527520586,-0.024091655990257803,0.08695682000430652,-0.02818957353209211,0.14043410625210462,0.019448505549437726,0.12047111935226873,-0.1330666513530083,-0.04829981861142892
X30,-0.14358060790780042,-0.5282083699961629,0.05354532167429926,0.018506343887422293,-0.07434103971122676,-0.046993581772896066,-0.17027887931897293,-0.06950062638558151,0.15108150176388924,-0.09030025202726158,-0.11742208098816219,0.03946193416958622,-0.022254518069063776,0.04746542704571532,0.066484287529416,0.06838643628960234,-0.04457601741927033,-0.10048538434811279,-0.029554425464191465,-0.014704235815742393,0.011975776917883377,0.0623524182504969,0.018094623424822105,-0.019270920793075345,-0.061001100106312586,-0.010908330546709716,-0.051194760255700744,0.021819107612926422,,-0.6324003970315035,-0.08381591652451902,0.9999999999999999,-0.12155989660178113,-0.12370170859213173,,-0.11107160479708286,-0.10756326206125312,-0.020954865386104048,0.11279178263974891,0.0768097659062852,0.06843845027198844,-0.019734117134137575,-0.0021445527719600377,-0.03129634605249536,0.010380777232650917,0.026919547084769093,-0.04436469866843411,0.25643020354182583,0.11849275757381235,0.48095143456020195,0.014909937814607692,-0.16640404663137448,0.014878943675760314,0.04750721241249383,0.011923069152617174,-0.0677015842956294,-0.30309024108537513
X31,-0.10683771462865867,0.010225211306850722,0.0585818010441597,-0.02376493856744754,-0.02322582303245848,-0.03752332539191013,0.011894005640927824,0.0013585887641304475,0.033452452734936994,-0.03339658942525655,-0.028043872189104646,0.02212056246158707,-0.0054677247021183515,0.054426274093940234,-0.02468830897604542,0.05696735600338006,0.08346107730573099,-0.02468830897604542,-0.020592778319871354,0.00046035344770865616,-0.034814486483055275,-0.025847186473212307,-0.02132636796621773,0.033157861480647914,0.0013585887641303883,-0.010951906071792738,0.06324824326768849,-0.02871114396890605,,-0.1553747990294746,-0.020592778319871358,-0.12155989660178111,1.0,-0.03039234036272685,,-0.04978791770536368,-0.045110045219513395,0.02674959217840389,-0.03663259148685141,-0.02353564353496853,0.1340763508518248,-0.01225075475159,0.035130105445021695,0.021425318479111673,-0.030537390249850326,-0.003179158814099708,0.015038595247438542,0.09030587010686811,0.05009257570466649,-0.03616009191652268,0.11956581341407828,-0.040883901124042235,-0.03707547946586663,0.10659842460133166,0.025456496643070217,-0.07022401421236653,-0.057201659952586796
X32,-0.21318431314601904,0.24778063691486202,0.00511367759656636,-0.09038247832169138,-0.018004508353730013,0.02028333200215759,-0.09847439077345277,0.09355094480803758,-0.0307204815663372,0.02895019981049462,-0.029291765050553756,-0.03727803563313235,-0.005564062710411503,0.08189022089920793,-0.025123302075452054,-0.014765533932336252,-0.011144872044926136,0.05862103817605538,-0.02095561064165772,-0.032993292369188985,-0.005147643112695947,-0.027965215127259104,-0.02170212569469213,0.0035072416002765667,-0.02368081560303716,0.08172906166279188,-0.02447468196041763,-0.0021781323721716903,,-0.15811240918597094,-0.020955610641657678,-0.12370170859213171,-0.03039234036272685,1.0,,-0.0339439788903526,-0.010319696530967934,-0.03542789671679012,-0.03727803563313234,-0.024747874063994597,0.015615132217180692,0.07064409870783836,-0.018923906903309272,-0.023809773766468752,-0.014739052448394269,-0.034952562624974516,-0.013448588493413976,0.09885362916877236,0.019436010894736264,-0.05474989485392377,0.151530770828787,-0.041604250779542835,-0.00914635806811133,-0.01699363707415049,-0.022425245301989753,0.02918842604892137,-0.05961758636611262
X33,,,,,,,,,,,,,,,,,,,,,,,,,,,,,,,,,,,,,,,,,,,,,,,,,,,,,,,,,
X34,0.24226787262627658,0.04808418570479388,-0.02094413425401398,-0.15243565992338615,-0.03589194687680285,-0.006915206887308782,0.01007097451129347,-0.05723729262487161,0.06709326996505273,-0.027784175036417738,0.018771976435387576,-0.06809848930147541,-0.012337988437244237,0.08325461892814072,-0.013505327187689055,-0.032741720647039285,-0.024713111548431033,-0.03460740091845294,0.054111922447566775,-0.024256496934791174,0.01300165893413533,-0.12032904594410508,-0.04812321316646875,0.12140365700557067,-0.09268565717371868,0.022092023959960946,-0.05427119692015989,0.021514933465063762,,0.16041178224927582,0.054111922447566796,-0.11107160479708286,-0.04978791770536368,-0.03394397889035259,,0.9999999999999999,-0.14332192395436208,-0.07855931947526727,-0.08266189591000311,-0.10616388622580034,-0.1342799825842328,-0.027643979663802668,-0.15537530305715422,-0.05279680131469367,-0.1494079976336669,-0.07750529351727889,-0.08946441007135447,-0.09936625350236765,-0.05485229804724751,-0.03168846452071299,-0.05309260808155195,-0.06588137841676561,-0.05485229804724751,-0.015516286870815217,-0.04972668922666607,0.05829308621370166,-0.030676212687290382
X35,-0.004794761990942302,0.13496093008938326,-0.019438753941084488,0.20111399695803203,0.025039219194863634,0.06934681590808366,0.0709351458722731,-0.012019134139452785,-0.06655645268940139,0.12792075580794304,0.019785588059340213,-0.03223066204943523,-0.011627940006057491,-0.04484138293502215,-0.030443151981863755,-0.0308574420632139,-0.023290877594009673,-0.05250340704118545,-0.04379364432315564,0.05034090680413776,-0.02617900576836518,0.12022122466477039,0.005462774585074155,-0.10265749119314717,0.17327070357050853,-0.023290877594009662,-0.028526096530894298,-0.003021865746439272,,0.08576726529323525,-0.043793644323155634,-0.1075632620612531,-0.045110045219513395,-0.010319696530967934,,-0.14332192395436208,1.0,-0.07403824848932543,-0.0779047225824093,-0.10005417869553816,-0.1265522000969434,-0.026053074915278973,-0.1464334896698222,-0.04975835739526088,-0.1408096013175952,-0.07304488148572842,-0.08431575359940839,0.01881286174633597,-0.06378803621941216,-0.07873052553106079,-0.04067713670581112,0.03712461805172003,-0.003553818826199493,-0.055877615006854765,-0.022250995967716604,0.06015850140220635,0.2490233662422269
X36,0.09743954586746241,0.047676530724431024,0.007439322386106837,-0.10921775215716488,-0.019994386255726995,0.00957656536410361,0.07427362826371454,-0.033324385271840125,-0.1061148731602602,0.016525800097510503,0.24959231913337956,-0.04270206414429927,-0.006373644928643244,-0.015603843759636193,-0.028778792619347394,0.04504190697019251,0.15090625952560233,0.1188047592747421,-0.024004693772213998,-0.03779388219234712,0.03946209877531406,-0.016456123632067488,-0.024859828253898743,0.03712924658121817,-0.05398426454762436,-0.01276647314858666,-0.0280357969843288,-0.025526331669111762,,0.057837684346602386,0.019959946836236708,-0.020954865386104048,0.026749592178403888,-0.03542789671679012,,-0.07855931947526727,-0.07403824848932543,1.0,-0.04270206414429921,-0.05484288776001335,-0.06936729875939612,-0.014280521633481588,-0.08026486792427472,-0.027274143322437938,-0.07718223527767036,-0.04003823017682648,-0.046216154800734044,-0.0467524940485199,0.032338192504794194,0.006836914709214367,-0.04259992530243913,-0.0015447844212676475,-0.018032823857813553,-0.06526917491833314,0.05664569322314511,0.04608435366726247,-0.09108007277825135
X37,0.08586167051157131,-0.09624140575746025,0.09149896486824823,-0.14816149549557175,-0.02940162244688178,-0.021429870137008727,-0.07758303844307743,-0.03708688653976491,0.10210462148332876,-0.040962928019410656,-0.0432716544111479,-0.04493207941483812,-0.006706493604806382,0.08047319990353725,0.004929578687160055,0.10045684582740025,0.06466666666968492,-0.030281697649697854,0.058656277703758426,-0.039767579157839704,0.008224667095175163,-0.06479227716922757,-0.026158074550420327,0.06391599032839212,-0.056803466305721834,-0.013433172303364507,-0.029499900808104336,-0.04658475875222106,,-0.06168132259380179,-0.025258282673578394,0.11279178263974891,-0.036632591486851405,-0.03727803563313234,,-0.08266189591000311,-0.07790472258240931,-0.0427020641442992,1.0,-0.057706929104056816,-0.07298984344451372,-0.015026288423731085,-0.08445651263152006,-0.028698471567891612,-0.08121289671600038,-0.04212913295843339,-0.04862968522406327,-0.0561540170548702,0.09873814273206685,0.11148568567774936,-0.002427156762009778,-0.028142807722240686,-0.04547530819110766,-0.001429034246825804,-0.027029667354861075,0.03920529267078491,-0.1096305037131657
X38,0.023242669774432054,-0.10812903362414457,0.05383843132599029,-0.15323858594016432,-0.03580843864535389,-0.02290216481844682,-0.025325682232977233,-0.07295352553584439,0.13302425472465712,-0.05260928970783622,-0.07918292595544496,-0.018807752087503436,-0.00861324817434491,0.0034024793067734685,0.017472870894540273,0.11911328042238488,-0.017252420360871292,0.04565492072444362,0.03472311491300869,-0.007532665654046134,-0.03446277339360186,-0.0854777437792543,-0.0011360695345276378,0.08973453712506166,-0.057172966259217986,-0.017252420360871292,-0.03788715560641989,-0.04051022489202692,,-0.06223955830417635,0.0011417658675457916,0.0768097659062852,-0.02353564353496853,-0.024747874063994597,,-0.10616388622580032,-0.10005417869553816,-0.05484288776001335,-0.05770692910405682,0.9999999999999998,-0.09374192727830469,-0.019298482777963973,-0.10846873882256933,-0.036857868269862794,-0.10430291529258012,-0.05410706382854064,-0.06245581851818103,0.021770453116121174,0.07625687001681156,0.047497291620790534,-0.027682384848685015,-0.029181673783850205,0.03778216264203276,0.07326767427052634,0.028174166918365218,-0.08471079139812247,-0.12801714178996576
X39,-0.2004847506718655,-0.045983200547895564,-0.03601511083630664,-0.20071784239054172,-0.04656859539193338,-0.058356483550502165,-0.19877809727520945,-0.0013252574566972317,0.07613811331993581,-0.04910448845006091,-0.027473158790892484,-0.02494913911508399,-0.010894352646292243,0.02709646154672591,0.11323223883414653,0.01005250666401993,-0.021821494935352733,0.1364355664640945,0.014266765874448856,-0.04667574581764725,-0.019028185000763132,-0.08681789252029114,-0.04249244172782705,0.07396506899884969,-0.0922742986025965,0.08111008494838627,-0.02412709080892146,-0.030014191208008714,,-0.15930569722431684,0.014266765874448736,0.06843845027198844,0.1340763508518248,0.01561513221718069,,-0.1342799825842328,-0.1265522000969434,-0.06936729875939612,-0.07298984344451372,-0.09374192727830469,1.0,-0.024409429830172833,-0.137195244803394,-0.04661918553774959,-0.1319261581964265,-0.06843660162484468,-0.07899641319711999,0.059400267774972905,-0.02635580863463072,0.0832753501159013,0.09276717364982501,0.005538966602843347,0.02116067327876603,0.09893356859060376,-0.018018971859444628,-0.10548007333082399,-0.13634129482245438
X40,-0.10100756303598021,0.02637479139158813,-0.005281495512244181,-0.08933594900754306,-0.010496706821723505,-0.01539165773075962,-0.028143261711114993,-0.018996344689438078,0.04169131720868397,-0.013698915766113783,-0.020618416230327768,-0.015026288423731085,-0.002242800879241097,0.056842000508621746,0.0911418692153575,-0.005951793538189437,-0.0044923521035479565,-0.010126874357261928,-0.008446932469721913,-0.01329916447494577,-0.0142805216334816,-0.030707605989609383,-0.008747842920314011,0.011511746064237788,-0.01899634468943808,0.2201252530738505,-0.009865424075335649,-0.035997043096050625,,-0.0067012372281158,-0.008446932469721911,-0.019734117134137575,-0.012250754751589998,0.07064409870783837,,-0.027643979663802668,-0.026053074915278973,-0.014280521633481588,-0.015026288423731084,-0.019298482777963973,-0.024409429830172833,1.0,-0.028244139478766816,-0.009597408281909596,-0.027159402050249106,-0.014088920680267613,-0.016262850187403553,-0.041472996554253155,0.12304619131075578,0.011779141509575026,-0.026177173335510645,0.10979688327485529,-0.015207956229419282,0.07373729620810937,0.1039522141875663,-0.08467282771321194,-0.040490705363728556
X41,-0.029626166597796703,0.004864840756109401,0.005703420467068102,0.4441207154267583,0.16939597220178085,0.047735538912087684,0.12588298184856636,0.21892672988420434,-0.19161526297892853,-0.03016141229393766,0.025094867750952855,0.13059147403845137,-0.012605850190420865,-0.08238298247829794,-0.036145607735333096,-0.03345255408144773,-0.02524964126066768,-0.03614560773533307,-0.04747669142966749,-0.05870160800455349,0.00986973951455136,0.2340545128356981,0.23794433045910715,-0.2199097496258415,0.2654549122090976,-0.025249641260667727,0.26408249568759745,-0.13748837785032786,,-0.0013980280729302538,0.0020297647013725953,-0.002144552771960038,0.035130105445021695,-0.018923906903309272,,-0.15537530305715422,-0.14643348966982223,-0.08026486792427472,-0.08445651263152006,-0.10846873882256933,-0.137195244803394,-0.028244139478766816,0.9999999999999999,-0.05394303709163615,-0.1526516939937605,-0.0791879587189531,-0.09140671159404751,0.06715832737563682,-0.05711740868709574,-0.07877022761567233,0.03186048315302471,0.03555604330868889,0.027963140499243436,-0.07949718545245282,-0.004450184397268727,0.04792895650863322,0.16407847836306116
X42,0.07902064698939083,0.017731371203760022,0.018879660319442482,0.028034437798279806,-0.02004749501573369,-0.029396284652124537,0.04184328034603443,0.1743043682813322,-0.14413849779993695,0.014212186558777441,-0.0393787883790726,0.11961404299485608,-0.0042834900708873915,-0.02799388237407718,-0.019341157817422513,-0.01136723672653141,-0.008579872519485205,-0.019341157817422513,-0.01613266326868639,0.016103182223060324,0.05042996870729963,-0.017404672711707304,-0.01670736739836089,0.0027000476725176567,0.023886377013354828,-0.008579872519485185,-0.018841818042310096,0.02440724745783039,,0.029560803579173033,-0.01613266326868638,-0.031296346052495365,0.021425318479111673,-0.02380977376646875,,-0.05279680131469367,-0.04975835739526088,-0.027274143322437938,-0.028698471567891612,-0.036857868269862794,-0.046619185537749595,-0.009597408281909596,-0.05394303709163615,1.0,-0.05187131416358588,-0.026908207679973532,-0.03106016140213232,-0.010181500539407464,0.007628094315731537,0.009567603247532235,-0.04999537101327532,-0.03202900549402722,-0.029045436048362225,0.007439091648880148,-0.017264060559300163,0.018377668856316233,0.009989662269842893
X43,0.03972162354177002,0.002387191365442223,-0.01778682009982508,-0.013048636032299265,-0.01017536905495688,-0.0018640410564859538,0.032780614472944364,-0.10266994321820706,0.03353645963934731,0.13483805538454902,0.033663196179169054,-0.051702396455825896,-0.012121713028794327,-0.003743580889487364,0.030787273453537004,-0.032167783571128504,0.023141789017999525,-0.03335287957466502,0.005299045302137369,0.010702463536310896,-0.03079868042330121,-0.0018382314911106457,-0.04727965040610143,-0.03499749888308041,-0.06675461793198721,-0.02427990978937663,-0.03139557825904485,0.14650863364826625,,0.04084193264252052,-0.04565331337225977,0.010380777232650917,-0.030537390249850326,-0.014739052448394267,,-0.14940799763366694,-0.1408096013175952,-0.07718223527767036,-0.08121289671600038,-0.10430291529258012,-0.1319261581964265,-0.027159402050249106,-0.1526516939937605,-0.05187131416358588,0.9999999999999999,-0.076146685580682,-0.08789616805780988,-0.03186445733579682,0.019964920524490833,-0.010084544305205879,-0.021737861460240433,-0.03719572938286621,0.04915340082345389,-0.04246625967670278,0.0465649397645442,-0.0031924854109719983,0.038308289001691004
X44,0.01712959185580342,-0.01105044547336358,-0.007988372547720312,0.07621815414513233,-0.026803480174381104,0.046914706767831806,-0.04264742551957328,-0.053259960715358705,0.03310639351238231,-0.03840758458925435,-0.05780775493354418,0.035219336365495756,-0.006288130094163117,-0.014718163825043476,-0.028392669182141377,-0.016687015065911158,-0.012595186098489395,0.008966106057518238,-0.023682624149940303,0.10701197253549892,0.06802716841109929,0.04296134658460189,-0.024526285340521196,-0.07054103099098813,0.009497259294883341,-0.012595186098489402,0.010650111569509344,0.00272069253840256,,0.00014727613356630708,-0.023682624149940296,0.026919547084769093,-0.003179158814099708,-0.034952562624974516,,-0.07750529351727889,-0.07304488148572842,-0.04003823017682648,-0.04212913295843339,-0.054107063828540636,-0.06843660162484468,-0.014088920680267613,-0.0791879587189531,-0.026908207679973532,-0.07614668558068201,0.9999999999999999,-0.04559607525875526,-0.02027958875033378,-0.04263847411602858,0.024034617421654483,0.023176678620873928,-0.02367258563998308,0.00836448535290518,0.024794158529490726,-0.025343506569142266,-0.012551491386147907,0.03220630926043344
X45,0.11221648583820114,-0.007240718109438562,0.023828405046362317,-0.11674435638119296,-0.02586026087271769,0.009661120572473966,0.0977272422289751,0.011928568493425062,0.040425272505153785,-0.019703955356444296,0.001710962272738845,-0.04862968522406325,-0.007258392605155677,0.045121816456988276,1.7283392746904043e-17,-0.019261832204928338,-0.014538631400564501,2.728956749511164e-17,0.05076846963006442,0.00759532616034071,0.0011850296102752778,-0.0616402918033982,-0.02831070691632511,0.05686372890808785,-0.06147800685072964,-0.014538631400564477,-0.03192754284070502,-0.036938228312432236,,0.042913093299470316,0.0898211385762674,-0.04436469866843411,0.015038595247438544,-0.013448588493413976,,-0.08946441007135447,-0.08431575359940839,-0.046216154800734044,-0.04862968522406327,-0.06245581851818103,-0.07899641319711999,-0.016262850187403553,-0.09140671159404751,-0.031060161402132316,-0.08789616805780988,-0.04559607525875526,0.9999999999999999,-0.01842226466254591,0.01789731565429498,-0.027604804375146185,-0.014119562368122583,-0.03379280288760513,-0.04921761804931167,-0.01173622336179726,-0.029254025905241277,0.05056084226112509,-0.056464545705058204
X46,-0.16516425971513946,0.0462183165580317,-0.018942372403337963,0.111567411406825,-0.039426744801322286,0.0012652950232820434,0.07257433751753606,-0.009956421830351342,0.029060857846636437,-0.014532623200461838,-0.10172339966340636,0.05694571518051763,-0.018510118954191707,-0.005264558283894442,-0.01802670795361596,0.0609539507372822,-0.03707594935887641,-0.03441462427508493,-0.03065836218663504,0.0168374140831395,0.012502884973685222,0.11140014224253914,0.041053225987652396,-0.056965517674713265,0.06345498337039607,-0.0370759493588763,-0.031005364389024823,-0.05271147837416418,,-0.5213822430692606,0.08650735317630066,0.25643020354182583,0.09030587010686812,0.09885362916877236,,-0.09936625350236765,0.01881286174633597,-0.04675249404851991,-0.0561540170548702,0.02177045311612117,0.05940026777497291,-0.041472996554253155,0.06715832737563682,-0.010181500539407464,-0.03186445733579682,-0.02027958875033378,-0.018422264662545908,1.0,-0.12551318374368783,-0.2380085081181776,-0.21604351808920055,-0.1384059941467501,-0.013647601084429582,-0.009585213039000506,-0.0014627975351080374,0.0065858269448710914,-0.14772310124680027
X47,-0.025715917579172493,-0.1175699990889243,0.07120472257912291,-0.16157056900147249,-0.03176705812166579,-0.021372730276715084,-0.028404632563349894,0.001014074439245891,0.05922630806360279,-0.04145816976095037,-0.007854448574090091,-0.04547530819110765,-0.006787575102957468,0.004819473038308202,-0.030647803331247506,0.04046943729595856,0.21814725027771723,0.03900629514886045,0.015935785106621653,-0.04024836913334189,-0.04321833203911741,-0.06619737411548973,-0.02647432563456019,0.049424643212124586,-0.057490220132631116,0.06365203053429126,-0.029856554566950223,0.023913845056724854,,-0.14384649680937805,-0.025563655275205856,0.11849275757381235,0.0500925757046665,0.019436010894736268,,-0.05485229804724751,-0.06378803621941216,0.032338192504794194,0.09873814273206684,0.07625687001681156,-0.02635580863463072,0.1230461913107558,-0.057117408687095736,0.007628094315731537,0.019964920524490837,-0.04263847411602858,0.01789731565429498,-0.12551318374368783,1.0,-0.08727662031740538,-0.07922215995297695,-0.050752838611975506,0.0015214910612401514,0.04689296910679794,0.011502146270527614,-0.03868461837043487,-0.11121921947797951
X48,-0.06787393112933748,-0.41242360541341455,0.03685695982297677,-0.11108885757761996,-0.05570150135826658,-0.047076570443415906,-0.26819770395373127,-0.06318306977142403,0.1278062749531767,-0.07861641972419627,-0.054227681353497266,-0.015619859179071726,-0.012871162819788189,0.14705283394438398,0.10559268904043398,0.00020617679772562454,-0.025781065052974825,-0.05811690637109168,-0.024091655990257838,-0.060514032094852135,-0.022760118664007827,-0.0505526154967921,-0.02663341661330389,0.006072646530649838,-0.09755905985380933,0.019608133983952898,-0.0566164748441111,0.08437883864637598,,-0.35423162339507025,-0.024091655990257803,0.48095143456020195,-0.03616009191652268,-0.05474989485392377,,-0.03168846452071299,-0.07873052553106079,0.006836914709214367,0.11148568567774936,0.047497291620790534,0.0832753501159013,0.011779141509575026,-0.07877022761567233,0.009567603247532235,-0.010084544305205879,0.024034617421654483,-0.02760480437514618,-0.2380085081181776,-0.08727662031740538,1.0,-0.1502276297828031,-0.09624174162824893,-0.0034642448525473795,-0.0047876475500802955,-0.006210456831494839,0.006719323201330888,-0.22571915497227513
X49,-0.29057392496827616,0.003380661694708026,-0.0037076025200420437,0.04727074670001592,-0.03981785447071499,-0.06781335712064215,-0.03830056300901272,0.024123809430118753,0.019999788934108954,-0.005286013304526422,-0.06150636607049638,0.05825176228823833,-0.011683327287213038,-0.06083491085283416,-0.008792249355666611,-0.031004425090165065,-0.023401818860045463,-0.030772872744833073,-0.044002246267239434,0.049581866379824036,0.005086558245067467,0.00033747642746200147,-0.02025322946086167,0.04024144897401252,-0.0128003886772056,-0.023401818860045505,0.016228905566408495,0.010671748500087602,,-0.3320018340614325,0.08695682000430652,0.014909937814607692,0.11956581341407829,0.151530770828787,,-0.053092608081551945,-0.04067713670581112,-0.04259992530243913,-0.002427156762009778,-0.027682384848685015,0.09276717364982502,-0.02617717333551064,0.031860483153024706,-0.04999537101327533,-0.021737861460240433,0.023176678620873928,-0.014119562368122583,-0.21604351808920055,-0.07922215995297695,-0.1502276297828031,1.0,-0.08735992092381331,0.025807218772560467,0.17421680172623577,0.026487090525825718,-0.16477799593277243,-0.11089361248432597
X50,-0.33708806548490444,0.01751231338842505,0.039114542461914925,0.01793262664497354,0.03690616661541555,0.04797513855929163,-0.07646606305606511,-0.027689853007680322,-0.003871375676688332,0.0022043732676277367,0.06434816452068254,-0.02814280772224077,-0.007484800018211729,-0.04891539558533432,0.029970010397769885,-0.019862656910544188,-0.014992127663971158,-0.03379596917195328,0.047793104451983794,-0.019753016306490498,-0.02460126832078662,-0.05352803060381764,0.007527958079178083,0.04604775738329836,0.07942756675123817,-0.01499212766397115,-0.03292344272832818,0.012549384977902707,,0.2631308383303954,-0.02818957353209211,-0.16640404663137448,-0.04088390112404223,-0.041604250779542835,,-0.06588137841676561,0.03712461805172003,-0.0015447844212676475,-0.028142807722240683,-0.029181673783850205,0.005538966602843346,0.10979688327485529,0.03555604330868889,-0.03202900549402722,-0.0371957293828662,-0.023672585639983076,-0.03379280288760513,-0.1384059941467501,-0.050752838611975506,-0.09624174162824893,-0.08735992092381331,1.0,-0.028989185690888247,0.029913245698954673,0.04098094928860254,-0.017816536057210643,0.17579677679165207
X51,0.015761368838847545,-0.01140246693741505,-0.052943206932834795,0.071559975799333,-0.013827850909393796,0.03216984235429282,-0.02277120021875437,-0.057490220132631165,-0.018879222540244302,-0.015285082790653326,0.028508739268919114,0.07470256757820447,0.14747549541880473,-0.044358823270960336,-0.030647803331247538,-0.018012408507449732,-0.013595579337421448,0.03900629514886052,-0.025563655275205835,-0.013344379070947564,0.032338192504794284,0.06748068346829406,0.09386351815889496,-0.023503793230723526,-0.01848735708471318,0.06365203053429111,0.04157060946881568,-0.03647465256126723,,0.013062689783889518,0.14043410625210465,0.014878943675760316,-0.03707547946586663,-0.00914635806811133,,-0.05485229804724751,-0.0035538188261994928,-0.018032823857813553,-0.04547530819110767,0.03778216264203276,0.02116067327876603,-0.01520795622941928,0.027963140499243436,-0.029045436048362225,0.049153400823453895,0.00836448535290518,-0.04921761804931167,-0.013647601084429582,0.0015214910612401514,-0.0034642448525473795,0.025807218772560467,-0.028989185690888247,1.0,-0.06950801803773618,-0.027356455994767735,-0.4897398394248874,-0.03197099713007076
X52,-0.13526902901919202,-0.012451011562696051,0.1407039167057388,-0.054996576927690576,0.01772376660014616,-0.037659616851859576,-0.07134126474040148,0.022302494530051467,0.026652849514856095,-0.0626109432328913,-0.08151906229787534,0.08263180380175211,-0.010250729395694323,-0.015393440987827743,0.026796529892469424,-0.02720269353544498,-0.020532311267521107,-0.021924433548383877,0.01944850554943776,-0.004328263796594563,-0.012419640571504674,-0.06554617248443596,-0.039982047181344814,0.0817637706975345,-0.04590085265665061,-0.02053231126752113,-0.020109370880557063,0.03822715666772586,,-0.11980257989963831,0.019448505549437726,0.04750721241249383,0.10659842460133166,-0.01699363707415049,,-0.015516286870815217,-0.055877615006854765,-0.06526917491833314,-0.001429034246825804,0.07326767427052634,0.09893356859060376,0.07373729620810937,-0.07949718545245282,0.007439091648880148,-0.042466259676702776,0.024794158529490722,-0.01173622336179726,-0.009585213039000505,0.04689296910679794,-0.0047876475500802955,0.17421680172623577,0.029913245698954673,-0.06950801803773618,1.0,-0.041314257798104756,-0.739614736056163,-0.05044290778997933
X53,-0.06305086194791588,-0.07312454377586326,0.005248205143317988,-0.06634127513153408,-0.01888174149942462,-0.027686902897808584,-0.0031675922328836866,-0.034171104895263,0.020280855846574825,-0.024641955873516717,0.022348456721043214,-0.027029667354861064,-0.004034406900731124,0.0138260992488119,0.0956365069595008,0.08488516183471832,-0.008080956492758471,0.038710014721702685,0.05263828187914448,0.06402886636834268,0.015478765008650076,-0.011536970782152923,-0.01573584091699148,-0.00313338982915752,-0.03417110489526294,-0.008080956492758468,-0.017746174141701074,-0.06475239082381769,,-0.018466245768834443,0.12047111935226873,0.011923069152617174,0.025456496643070217,-0.022425245301989753,,-0.04972668922666608,-0.022250995967716607,0.05664569322314511,-0.02702966735486107,0.028174166918365214,-0.01801897185944463,0.1039522141875663,-0.004450184397268727,-0.017264060559300163,0.0465649397645442,-0.02534350656914227,-0.029254025905241274,-0.0014627975351080374,0.011502146270527614,-0.006210456831494839,0.026487090525825714,0.04098094928860255,-0.027356455994767735,-0.04131425779810475,1.0,-0.2910921437727877,-0.03582569184074675
X54,0.12076307399291139,0.047655426207858814,-0.07266461010461019,0.038699127071983905,0.0024400266466991323,0.02508974635311857,0.08105471126750524,0.008564511378790664,-0.01480042868879946,0.07004795947933996,0.04624530419749432,-0.09492160664767214,-0.0722246254455105,0.021968286386238517,-0.03459378231141538,-0.028490277608933617,0.027760819608604957,-0.01515907314769887,-0.017275969702287425,-0.007897030293457149,-0.010133217137571244,0.01818675405009579,-0.013094779893119187,-0.05718455535641914,0.06297690895687628,-0.015346043137675899,0.0011758360985664898,0.020253032660042417,,0.10379785971182985,-0.13306665135300827,-0.0677015842956294,-0.07022401421236654,0.029188426048921367,,0.058293086213701654,0.06015850140220636,0.046084353667262476,0.03920529267078491,-0.08471079139812247,-0.105480073330824,-0.08467282771321194,0.04792895650863322,0.018377668856316233,-0.003192485410971998,-0.012551491386147907,0.05056084226112509,0.006585826944871092,-0.03868461837043487,0.006719323201330887,-0.16477799593277243,-0.017816536057210643,-0.4897398394248874,-0.739614736056163,-0.2910921437727877,1.0,0.07963979947972982
X55,0.15890532174432798,0.24820924008510403,-0.0034758973869901135,0.36322396905087695,0.2334831328144489,0.15399808564998418,0.20535551491516352,0.06053170493539989,-0.14228658045740733,0.10150671452697498,0.07629718240905495,-0.018061905915574862,-0.018071705328581635,-0.10639427856085713,-0.08159881288522274,-0.04795747138957385,-0.03619780257756237,-0.08159881288522271,-0.0285372087049523,0.07220873490293887,-0.0071242511496287875,0.1154271292698103,0.13963696654690583,-0.12752685015645487,0.21840819832321776,-0.03619780257756247,0.17561741895884098,-0.042734152197694865,,0.4018100108400644,-0.04829981861142893,-0.30309024108537513,-0.057201659952586796,-0.05961758636611262,,-0.030676212687290382,0.2490233662422269,-0.09108007277825135,-0.10963050371316568,-0.12801714178996576,-0.13634129482245438,-0.040490705363728556,0.1640784783630612,0.009989662269842893,0.038308289001691004,0.03220630926043344,-0.056464545705058204,-0.14772310124680027,-0.11121921947797951,-0.22571915497227515,-0.11089361248432598,0.17579677679165207,-0.03197099713007076,-0.050442907789979334,-0.03582569184074675,0.07963979947972981,1.0
